<?xml version="1.0" encoding="UTF-8"?>
<office:document-meta xmlns:office="urn:oasis:names:tc:opendocument:xmlns:office:1.0" xmlns:xlink="http://www.w3.org/1999/xlink" xmlns:dc="http://purl.org/dc/elements/1.1/" xmlns:meta="urn:oasis:names:tc:opendocument:xmlns:meta:1.0" xmlns:ooo="http://openoffice.org/2004/office" xmlns:grddl="http://www.w3.org/2003/g/data-view#" office:version="1.2" grddl:transformation="http://docs.oasis-open.org/office/1.2/xslt/odf2rdf.xsl"><office:meta><meta:generator>LibreOffice/3.3$Linux LibreOffice_project/330m19$Build-401</meta:generator><meta:creation-date>2011-03-03T16:37:55</meta:creation-date><dc:date>2011-07-18T09:29:56</dc:date><meta:print-date>2011-11-09T10:14:41</meta:print-date><dc:language>de-DE</dc:language><meta:editing-cycles>1</meta:editing-cycles><meta:editing-duration>PT0S</meta:editing-duration><meta:document-statistic meta:table-count="1" meta:image-count="0" meta:object-count="0" meta:page-count="2" meta:paragraph-count="345" meta:word-count="740" meta:character-count="8940"/><meta:user-defined meta:name="Info 1"/><meta:user-defined meta:name="Info 2"/><meta:user-defined meta:name="Info 3"/><meta:user-defined meta:name="Info 4"/></office:meta></office:document-meta>