<?xml version="1.0" encoding="UTF-8"?>
<office:document-styles xmlns:office="urn:oasis:names:tc:opendocument:xmlns:office:1.0" xmlns:style="urn:oasis:names:tc:opendocument:xmlns:style:1.0" xmlns:text="urn:oasis:names:tc:opendocument:xmlns:text:1.0" xmlns:table="urn:oasis:names:tc:opendocument:xmlns:table:1.0" xmlns:draw="urn:oasis:names:tc:opendocument:xmlns:drawing:1.0" xmlns:fo="urn:oasis:names:tc:opendocument:xmlns:xsl-fo-compatible:1.0" xmlns:xlink="http://www.w3.org/1999/xlink" xmlns:dc="http://purl.org/dc/elements/1.1/" xmlns:meta="urn:oasis:names:tc:opendocument:xmlns:meta:1.0" xmlns:number="urn:oasis:names:tc:opendocument:xmlns:datastyle:1.0" xmlns:svg="urn:oasis:names:tc:opendocument:xmlns:svg-compatible:1.0" xmlns:chart="urn:oasis:names:tc:opendocument:xmlns:chart:1.0" xmlns:dr3d="urn:oasis:names:tc:opendocument:xmlns:dr3d:1.0" xmlns:math="http://www.w3.org/1998/Math/MathML" xmlns:form="urn:oasis:names:tc:opendocument:xmlns:form:1.0" xmlns:script="urn:oasis:names:tc:opendocument:xmlns:script:1.0" xmlns:ooo="http://openoffice.org/2004/office" xmlns:ooow="http://openoffice.org/2004/writer" xmlns:oooc="http://openoffice.org/2004/calc" xmlns:dom="http://www.w3.org/2001/xml-events" xmlns:rpt="http://openoffice.org/2005/report" xmlns:of="urn:oasis:names:tc:opendocument:xmlns:of:1.2" xmlns:xhtml="http://www.w3.org/1999/xhtml" xmlns:grddl="http://www.w3.org/2003/g/data-view#" xmlns:tableooo="http://openoffice.org/2009/table" xmlns:css3t="http://www.w3.org/TR/css3-text/" office:version="1.2" grddl:transformation="http://docs.oasis-open.org/office/1.2/xslt/odf2rdf.xsl"><office:font-face-decls><style:font-face style:name="Tahoma1" svg:font-family="Tahoma, Lucidasans"/><style:font-face style:name="Tahoma3" svg:font-family="Tahoma, Lucidasans, &apos;Lucida Sans&apos;, &apos;Arial Unicode MS&apos;"/><style:font-face style:name="Arial" svg:font-family="Arial" style:font-pitch="variable"/><style:font-face style:name="Bitstream Vera Sans" svg:font-family="&apos;Bitstream Vera Sans&apos;" style:font-pitch="variable"/><style:font-face style:name="Tahoma2" svg:font-family="Tahoma, Lucidasans" style:font-pitch="variable"/><style:font-face style:name="Tahoma" svg:font-family="Tahoma, Lucidasans, &apos;Lucida Sans&apos;, &apos;Arial Unicode MS&apos;" style:font-pitch="variable"/><style:font-face style:name="Times New Roman" svg:font-family="&apos;Times New Roman&apos;" style:font-family-generic="roman" style:font-pitch="variable"/><style:font-face style:name="Arial1" svg:font-family="Arial" style:font-family-generic="swiss" style:font-pitch="variable"/><style:font-face style:name="Bitstream Vera Sans1" svg:font-family="&apos;Bitstream Vera Sans&apos;" style:font-family-generic="swiss" style:font-pitch="variable"/><style:font-face style:name="Liberation Sans" svg:font-family="&apos;Liberation Sans&apos;" style:font-family-generic="swiss" style:font-pitch="variable"/><style:font-face style:name="Verdana" svg:font-family="Verdana" style:font-family-generic="swiss" style:font-pitch="variable"/><style:font-face style:name="DejaVu Sans" svg:font-family="&apos;DejaVu Sans&apos;" style:font-family-generic="system" style:font-pitch="variable"/></office:font-face-decls><office:styles><style:default-style style:family="graphic"><style:graphic-properties draw:shadow-offset-x="0.3cm" draw:shadow-offset-y="0.3cm" draw:start-line-spacing-horizontal="0.283cm" draw:start-line-spacing-vertical="0.283cm" draw:end-line-spacing-horizontal="0.283cm" draw:end-line-spacing-vertical="0.283cm" style:flow-with-text="true"/><style:paragraph-properties style:text-autospace="ideograph-alpha" style:line-break="strict" style:writing-mode="lr-tb" style:font-independent-line-spacing="false"><style:tab-stops/></style:paragraph-properties><style:text-properties style:use-window-font-color="true" fo:font-size="12pt" fo:language="de" fo:country="DE" style:font-size-asian="12pt" style:language-asian="zxx" style:country-asian="none" style:font-size-complex="12pt" style:language-complex="zxx" style:country-complex="none"/></style:default-style><style:default-style style:family="paragraph"><style:paragraph-properties fo:hyphenation-ladder-count="no-limit" style:text-autospace="ideograph-alpha" style:punctuation-wrap="hanging" style:line-break="strict" style:tab-stop-distance="1.251cm" style:writing-mode="page"/><style:text-properties style:use-window-font-color="true" style:font-name="Times New Roman" fo:font-size="12pt" fo:language="de" fo:country="DE" style:font-name-asian="Arial" style:font-size-asian="12pt" style:language-asian="zxx" style:country-asian="none" style:font-name-complex="Tahoma" style:font-size-complex="12pt" style:language-complex="zxx" style:country-complex="none" fo:hyphenate="false" fo:hyphenation-remain-char-count="2" fo:hyphenation-push-char-count="2"/></style:default-style><style:default-style style:family="table"><style:table-properties table:border-model="separating"/></style:default-style><style:default-style style:family="table-row"><style:table-row-properties fo:keep-together="always"/></style:default-style><style:style style:name="Standard" style:family="paragraph" style:class="text"><style:paragraph-properties fo:margin-left="0.4cm" fo:margin-right="0cm" fo:text-align="start" style:justify-single-word="false" fo:orphans="0" fo:widows="0" fo:hyphenation-ladder-count="no-limit" fo:text-indent="-0.4cm" style:auto-text-indent="false" style:writing-mode="lr-tb"><style:tab-stops/></style:paragraph-properties><style:text-properties style:use-window-font-color="true" style:font-name="Times New Roman" fo:font-size="12pt" fo:language="en" fo:country="US" style:font-name-asian="Arial1" style:font-size-asian="12pt" style:language-asian="zxx" style:country-asian="none" style:font-name-complex="Tahoma2" style:font-size-complex="10pt" style:language-complex="zxx" style:country-complex="none" fo:hyphenate="false" fo:hyphenation-remain-char-count="2" fo:hyphenation-push-char-count="2"/></style:style><style:style style:name="Text_20_body" style:display-name="Text body" style:family="paragraph" style:parent-style-name="Standard" style:class="text"><style:paragraph-properties fo:margin-top="0cm" fo:margin-bottom="0.212cm"/></style:style><style:style style:name="List" style:family="paragraph" style:parent-style-name="Text_20_body" style:class="list"><style:text-properties style:font-name-complex="Tahoma1"/></style:style><style:style style:name="Table_20_Contents" style:display-name="Table Contents" style:family="paragraph" style:parent-style-name="Text_20_body" style:class="extra"><style:paragraph-properties text:number-lines="false" text:line-number="0"/></style:style><style:style style:name="Table_20_Heading" style:display-name="Table Heading" style:family="paragraph" style:parent-style-name="Table_20_Contents" style:class="extra"><style:paragraph-properties fo:text-align="center" style:justify-single-word="false" text:number-lines="false" text:line-number="0"/><style:text-properties fo:font-style="italic" fo:font-weight="bold" style:font-style-asian="italic" style:font-weight-asian="bold" style:font-style-complex="italic" style:font-weight-complex="bold"/></style:style><style:style style:name="Caption" style:family="paragraph" style:parent-style-name="Standard" style:class="extra"><style:paragraph-properties fo:margin-top="0.212cm" fo:margin-bottom="0.212cm" text:number-lines="false" text:line-number="0"/><style:text-properties fo:font-size="10pt" fo:font-style="italic" style:font-size-asian="10pt" style:font-style-asian="italic" style:font-name-complex="Tahoma3" style:font-size-complex="10pt" style:font-style-complex="italic"/></style:style><style:style style:name="Text" style:family="paragraph" style:parent-style-name="Caption" style:class="extra"/><style:style style:name="Index" style:family="paragraph" style:parent-style-name="Standard" style:class="index"><style:paragraph-properties text:number-lines="false" text:line-number="0"/><style:text-properties style:font-name-complex="Tahoma3"/></style:style><style:style style:name="WW-Beschriftung" style:family="paragraph" style:parent-style-name="Standard"><style:paragraph-properties fo:margin-top="0.212cm" fo:margin-bottom="0.212cm" text:number-lines="false" text:line-number="0"/><style:text-properties fo:font-size="10pt" fo:font-style="italic" style:font-size-asian="10pt" style:font-style-asian="italic" style:font-name-complex="Tahoma1" style:font-size-complex="10pt" style:font-style-complex="italic"/></style:style><style:style style:name="WW-Verzeichnis" style:family="paragraph" style:parent-style-name="Standard"><style:paragraph-properties text:number-lines="false" text:line-number="0"/><style:text-properties style:font-name-complex="Tahoma1"/></style:style><style:style style:name="Section" style:family="paragraph" style:parent-style-name="Standard"><style:paragraph-properties fo:margin-left="0.4cm" fo:margin-right="0cm" fo:margin-top="0.071cm" fo:margin-bottom="0cm" fo:text-align="center" style:justify-single-word="false" fo:text-indent="-0.4cm" style:auto-text-indent="false" fo:background-color="transparent" fo:padding-left="0cm" fo:padding-right="0cm" fo:padding-top="0.247cm" fo:padding-bottom="0.035cm" fo:border-left="none" fo:border-right="none" fo:border-top="0.002cm solid #ffffff" fo:border-bottom="0.002cm solid #000000"><style:tab-stops/><style:background-image/></style:paragraph-properties><style:text-properties style:font-name="Bitstream Vera Sans" fo:font-size="10pt" fo:font-weight="bold" style:font-size-asian="10pt" style:font-weight-asian="bold" style:font-size-complex="10pt" style:font-weight-complex="bold"/></style:style><style:style style:name="WW-Text" style:family="paragraph" style:parent-style-name="WW-Beschriftung"><style:text-properties style:font-name="Bitstream Vera Sans" fo:font-size="8pt" fo:font-style="normal" style:font-size-asian="8pt" style:font-style-asian="normal" style:font-size-complex="8pt" style:font-style-complex="normal"/></style:style><style:style style:name="WW-Tabellen_20_Inhalt" style:display-name="WW-Tabellen Inhalt" style:family="paragraph" style:parent-style-name="Text_20_body"><style:paragraph-properties text:number-lines="false" text:line-number="0"/></style:style><style:style style:name="WW-Tabellen_20_Überschrift" style:display-name="WW-Tabellen Überschrift" style:family="paragraph" style:parent-style-name="WW-Tabellen_20_Inhalt"><style:paragraph-properties fo:text-align="center" style:justify-single-word="false" text:number-lines="false" text:line-number="0"/><style:text-properties fo:font-style="italic" fo:font-weight="bold" style:font-style-asian="italic" style:font-weight-asian="bold" style:font-style-complex="italic" style:font-weight-complex="bold"/></style:style><style:style style:name="Heading" style:family="paragraph" style:parent-style-name="Standard" style:next-style-name="Text_20_body" style:class="text"><style:paragraph-properties fo:margin-top="0.423cm" fo:margin-bottom="0.212cm" fo:keep-with-next="always"/><style:text-properties style:font-name="Liberation Sans" fo:font-size="14pt" style:font-name-asian="DejaVu Sans" style:font-size-asian="14pt" style:font-name-complex="DejaVu Sans" style:font-size-complex="14pt"/></style:style><style:style style:name="Footnote_20_Symbol" style:display-name="Footnote Symbol" style:family="text"/><style:style style:name="Internet_20_link" style:display-name="Internet link" style:family="text"><style:text-properties style:use-window-font-color="true" style:text-underline-style="solid" style:text-underline-width="auto" style:text-underline-color="font-color"/></style:style><style:style style:name="Visited_20_Internet_20_Link" style:display-name="Visited Internet Link" style:family="text"><style:text-properties fo:color="#800000" style:text-underline-style="solid" style:text-underline-width="auto" style:text-underline-color="font-color"/></style:style><style:style style:name="Endnote_20_Symbol" style:display-name="Endnote Symbol" style:family="text"/><style:style style:name="WW-Absatz-Standardschriftart" style:family="text"/><style:style style:name="annotation" style:family="text"><style:text-properties style:font-name="Bitstream Vera Sans" fo:font-size="8pt" fo:language="en" fo:country="GB" fo:font-style="normal" fo:font-weight="bold" style:font-size-asian="8pt" style:font-weight-asian="bold" style:font-size-complex="8pt" style:font-weight-complex="bold"/></style:style><style:style style:name="Frame" style:family="graphic"><style:graphic-properties text:anchor-type="paragraph" svg:x="0cm" svg:y="0cm" style:wrap="parallel" style:number-wrapped-paragraphs="no-limit" style:wrap-contour="false" style:vertical-pos="top" style:vertical-rel="paragraph-content" style:horizontal-pos="center" style:horizontal-rel="paragraph-content"/></style:style><style:style style:name="Graphics" style:family="graphic"><style:graphic-properties text:anchor-type="paragraph" svg:x="0cm" svg:y="0cm" style:wrap="dynamic" style:number-wrapped-paragraphs="no-limit" style:wrap-contour="false" style:vertical-pos="top" style:vertical-rel="paragraph" style:horizontal-pos="center" style:horizontal-rel="paragraph"/></style:style><style:style style:name="OLE" style:family="graphic"><style:graphic-properties text:anchor-type="paragraph" svg:x="0cm" svg:y="0cm" style:wrap="dynamic" style:number-wrapped-paragraphs="no-limit" style:wrap-contour="false" style:vertical-pos="top" style:vertical-rel="paragraph" style:horizontal-pos="center" style:horizontal-rel="paragraph"/></style:style><text:outline-style style:name="Outline"><text:outline-level-style text:level="1" style:num-format=""><style:list-level-properties/></text:outline-level-style><text:outline-level-style text:level="2" style:num-format=""><style:list-level-properties/></text:outline-level-style><text:outline-level-style text:level="3" style:num-format=""><style:list-level-properties/></text:outline-level-style><text:outline-level-style text:level="4" style:num-format=""><style:list-level-properties/></text:outline-level-style><text:outline-level-style text:level="5" style:num-format=""><style:list-level-properties/></text:outline-level-style><text:outline-level-style text:level="6" style:num-format=""><style:list-level-properties/></text:outline-level-style><text:outline-level-style text:level="7" style:num-format=""><style:list-level-properties/></text:outline-level-style><text:outline-level-style text:level="8" style:num-format=""><style:list-level-properties/></text:outline-level-style><text:outline-level-style text:level="9" style:num-format=""><style:list-level-properties/></text:outline-level-style><text:outline-level-style text:level="10" style:num-format=""><style:list-level-properties/></text:outline-level-style></text:outline-style><text:notes-configuration text:note-class="footnote" text:citation-style-name="Footnote_20_Symbol" style:num-format="1" text:start-value="0" text:footnotes-position="page" text:start-numbering-at="page"/><text:notes-configuration text:note-class="endnote" text:citation-style-name="Endnote_20_Symbol" text:master-page-name="Endnote" style:num-format="1" text:start-value="0"/><text:linenumbering-configuration text:number-lines="false" text:offset="0.499cm" style:num-format="1" text:number-position="left" text:increment="5"/></office:styles><office:automatic-styles><style:page-layout style:name="Mpm1"><style:page-layout-properties fo:page-width="29.7cm" fo:page-height="21.001cm" style:num-format="1" style:print-orientation="landscape" fo:margin-top="0.6cm" fo:margin-bottom="0.6cm" fo:margin-left="0.64cm" fo:margin-right="0.64cm" style:writing-mode="lr-tb" style:layout-grid-color="#c0c0c0" style:layout-grid-lines="31" style:layout-grid-base-height="0.494cm" style:layout-grid-ruby-height="0.141cm" style:layout-grid-mode="none" style:layout-grid-ruby-below="false" style:layout-grid-print="false" style:layout-grid-display="false" style:footnote-max-height="0cm"><style:columns fo:column-count="3" fo:column-gap="0cm"><style:column style:rel-width="21845*" fo:start-indent="0cm" fo:end-indent="0cm"/><style:column style:rel-width="21845*" fo:start-indent="0cm" fo:end-indent="0cm"/><style:column style:rel-width="21845*" fo:start-indent="0cm" fo:end-indent="0cm"/></style:columns><style:footnote-sep style:width="0.018cm" style:distance-before-sep="0.101cm" style:distance-after-sep="0.101cm" style:adjustment="left" style:rel-width="25%" style:color="#000000"/></style:page-layout-properties><style:header-style/><style:footer-style/></style:page-layout><style:page-layout style:name="Mpm2"><style:page-layout-properties fo:page-width="21.001cm" fo:page-height="29.7cm" style:num-format="1" style:print-orientation="portrait" fo:margin-top="2cm" fo:margin-bottom="2cm" fo:margin-left="2cm" fo:margin-right="2cm" style:writing-mode="lr-tb" style:footnote-max-height="0cm"><style:footnote-sep style:adjustment="left" style:rel-width="25%" style:color="#000000"/></style:page-layout-properties><style:header-style/><style:footer-style/></style:page-layout></office:automatic-styles><office:master-styles><style:master-page style:name="Standard" style:page-layout-name="Mpm1"/><style:master-page style:name="Endnote" style:page-layout-name="Mpm2"/></office:master-styles></office:document-styles>